{"cameraMode":{"drawMode":0,"name":"Shaded","section":"Shading Mode"},"sceneLighting":true,"audioPlay":false,"sceneViewState":{"showFog":true,"showMaterialUpdate":false,"showSkybox":true,"showFlares":true,"showImageEffects":true,"showParticleSystems":true},"in2DMode":false,"pivot":{"x":0.02818271517753601,"y":0.48290538787841799,"z":-1.8512277603149415},"rotation":{"x":-0.48713213205337527,"y":-0.010004254058003426,"z":0.005475279875099659,"w":-0.8733198046684265},"size":6.074605464935303,"orthographic":false}